<?xml version="1.0" encoding="UTF-8"?>
<!DOCTYPE mapper PUBLIC "-//mybatis.org//DTD Mapper 3.0//EN" "http://mybatis.org/dtd/mybatis-3-mapper.dtd">
<mapper namespace="com.book.mapper.BookstoreMapper">
 
    <!-- 通用查询结果 -->
    <sql id="tb_bookstore_list">
       id, account_number, password, name, address, create_time
    </sql>
    
        
    <!-- 动态插入 -->
    <insert id="add" parameterType="map">
       INSERT INTO tb_bookstore (
       <trim suffixOverrides=",">
           <if test='id != null '>id,</if>
           <if test='account_number != null '>account_number,</if>
           <if test='password != null '>password,</if>
           <if test='name != null '>name,</if>
           <if test='address != null '>address,</if>
           <if test='create_time != null '>create_time,</if>
       </trim>
       ) VALUES (
       <trim suffixOverrides=",">
           <if test='id != null '>#{id},</if>
           <if test='account_number != null '>#{account_number},</if>
           <if test='password != null '>#{password},</if>
           <if test='name != null '>#{name},</if>
           <if test='address != null '>#{address},</if>
           <if test='create_time != null '>#{create_time},</if>
       </trim>
       )
    </insert>
	
	<!-- 批量插入 -->
    <insert id="addList">
       INSERT INTO tb_bookstore (id, account_number, password, name, address, create_time)
	   VALUES <foreach collection="list" item="item" separator=",">(#{item.id},#{item.account_number},#{item.password},#{item.name},#{item.address},#{item.create_time})</foreach>
    </insert>

    <delete id="delete" parameterType="string">
       DELETE FROM tb_bookstore WHERE id = #{id}
    </delete>
    
 	<update id="update" parameterType="map">
       UPDATE tb_bookstore
       <set>
		  <if test='account_number != null and account_number != ""'>account_number = #{account_number},</if>
		  <if test='password != null and password != ""'>password = #{password},</if>
		  <if test='name != null and name != ""'>name = #{name},</if>
		  <if test='address != null and address != ""'>address = #{address},</if>
		  <if test='create_time != null and create_time != ""'>create_time = #{create_time},</if>
       </set>
       WHERE id = #{id}
    </update>
    
	<select id="queryList" parameterType="map" resultType="map">
	   		select * from tb_bookstore
	   		<where>
					<if test='account_number != null and account_number != ""'>and account_number = #{account_number}</if>
					<if test='password != null and password != ""'>and password = #{password}</if>
					<if test='name != null and name != ""'>and name = #{name}</if>
					<if test='address != null and address != ""'>and address = #{address}</if>
					<if test='create_time != null and create_time != ""'>and create_time = #{create_time}</if>
	   		</where>
	   		order by id desc 
	   		OFFSET #{page}::bigint
        	LIMIT #{limit}::bigint
	  </select>
	  
	  <select id="queryCount" parameterType="map" resultType="int">
	   		select count(*) from tb_bookstore
	   		<where>
					<if test='account_number != null and account_number != ""'>and account_number = #{account_number}</if>
					<if test='password != null and password != ""'>and password = #{password}</if>
					<if test='name != null and name != ""'>and name = #{name}</if>
					<if test='address != null and address != ""'>and address = #{address}</if>
					<if test='create_time != null and create_time != ""'>and create_time = #{create_time}</if>
	   		</where>
	  </select>
	  
	  <select id="queryDetail" parameterType="string" resultType="map">
	   		select * from tb_bookstore where
	   		id = #{id}
	  </select>

</mapper>