<?xml version="1.0" encoding="UTF-8"?>
<!DOCTYPE mapper PUBLIC "-//mybatis.org//DTD Mapper 3.0//EN" "http://mybatis.org/dtd/mybatis-3-mapper.dtd">
<mapper namespace="com.book.mapper.BookMapper">
 
    <!-- 通用查询结果 -->
    <sql id="tb_book_list">
       id, book_name, author_name, isbn, genre, quantity, publisher_id, pages_number, price, bookstore_id, warehouse_id
    </sql>
    
        
    <!-- 动态插入 -->
    <insert id="add" parameterType="map">
       INSERT INTO tb_book (
       <trim suffixOverrides=",">
           <if test='id != null '>id,</if>
           <if test='book_name != null '>book_name,</if>
           <if test='author_name != null '>author_name,</if>
           <if test='isbn != null '>isbn,</if>
           <if test='genre != null '>genre,</if>
           <if test='quantity != null '>quantity,</if>
           <if test='publisher_id != null '>publisher_id,</if>
           <if test='pages_number != null '>pages_number,</if>
           <if test='price != null '>price,</if>
           <if test='bookstore_id != null '>bookstore_id,</if>
           <if test='warehouse_id != null '>warehouse_id,</if>
       </trim>
       ) VALUES (
       <trim suffixOverrides=",">
           <if test='id != null '>#{id},</if>
           <if test='book_name != null '>#{book_name},</if>
           <if test='author_name != null '>#{author_name},</if>
           <if test='isbn != null '>#{isbn},</if>
           <if test='genre != null '>#{genre},</if>
           <if test='quantity != null '>#{quantity},</if>
           <if test='publisher_id != null '>#{publisher_id},</if>
           <if test='pages_number != null '>#{pages_number},</if>
           <if test='price != null '>#{price},</if>
           <if test='bookstore_id != null '>#{bookstore_id},</if>
           <if test='warehouse_id != null '>#{warehouse_id},</if>
       </trim>
       )
    </insert>
	
	<!-- 批量插入 -->
    <insert id="addList">
       INSERT INTO tb_book (id, book_name, author_name, isbn, genre, quantity, publisher_id, pages_number, price, bookstore_id, warehouse_id)
	   VALUES <foreach collection="list" item="item" separator=",">(#{item.id},#{item.book_name},#{item.author_name},#{item.isbn},#{item.genre},#{item.quantity},#{item.publisher_id},#{item.pages_number},#{item.price},#{item.bookstore_id},#{item.warehouse_id})</foreach>
    </insert>

    <delete id="delete" parameterType="string">
       DELETE FROM tb_book WHERE id = #{id}
    </delete>
    
 	<update id="update" parameterType="map">
       UPDATE tb_book
       <set>
		  <if test='book_name != null and book_name != ""'>book_name = #{book_name},</if>
		  <if test='author_name != null and author_name != ""'>author_name = #{author_name},</if>
		  <if test='isbn != null and isbn != ""'>isbn = #{isbn},</if>
		  <if test='genre != null and genre != ""'>genre = #{genre},</if>
		  <if test='quantity != null and quantity != ""'>quantity = #{quantity},</if>
		  <if test='publisher_id != null and publisher_id != ""'>publisher_id = #{publisher_id},</if>
		  <if test='pages_number != null and pages_number != ""'>pages_number = #{pages_number},</if>
		  <if test='price != null and price != ""'>price = #{price},</if>
		  <if test='bookstore_id != null and bookstore_id != ""'>bookstore_id = #{bookstore_id},</if>
		  <if test='warehouse_id != null and warehouse_id != ""'>warehouse_id = #{warehouse_id},</if>
       </set>
       WHERE id = #{id}
    </update>
    
	<select id="queryList" parameterType="map" resultType="map">
	   		select b.*,p.name publishers_name,w.name warehouse_name from tb_book b left join tb_publishers p on b.publisher_id=p.id
	   		left join tb_warehouse w on b.warehouse_id=w.id
	   		<where>
					<if test='book_name != null and book_name != ""'>and b.book_name = #{book_name}</if>
					<if test='author_name != null and author_name != ""'>and b.author_name = #{author_name}</if>
					<if test='isbn != null and isbn != ""'>and b.isbn = #{isbn}</if>
					<if test='genre != null and genre != ""'>and b.genre = #{genre}</if>
					<if test='quantity != null and quantity != ""'>and b.quantity = #{quantity}</if>
					<if test='publisher_id != null and publisher_id != ""'>and b.publisher_id = #{publisher_id}</if>
					<if test='pages_number != null and pages_number != ""'>and b.pages_number = #{pages_number}</if>
					<if test='bookstore_id != null and bookstore_id != ""'>and b.bookstore_id = #{bookstore_id}</if>
					<if test='warehouse_id != null and warehouse_id != ""'>and b.warehouse_id = #{warehouse_id}</if>
	   		</where>
	   		order by b.id desc 
	   		OFFSET #{page}::bigint
        	LIMIT #{limit}::bigint
	  </select>
	  
	  <select id="queryCount" parameterType="map" resultType="int">
	   		select count(*) from tb_book b left join tb_publishers p on b.publisher_id=p.id
	   		left join tb_warehouse w on b.warehouse_id=w.id
	   		<where>
					<if test='book_name != null and book_name != ""'>and b.book_name = #{book_name}</if>
					<if test='author_name != null and author_name != ""'>and b.author_name = #{author_name}</if>
					<if test='isbn != null and isbn != ""'>and b.isbn = #{isbn}</if>
					<if test='genre != null and genre != ""'>and b.genre = #{genre}</if>
					<if test='quantity != null and quantity != ""'>and b.quantity = #{quantity}</if>
					<if test='publisher_id != null and publisher_id != ""'>and b.publisher_id = #{publisher_id}</if>
					<if test='pages_number != null and pages_number != ""'>and b.pages_number = #{pages_number}</if>
					<if test='bookstore_id != null and bookstore_id != ""'>and b.bookstore_id = #{bookstore_id}</if>
					<if test='warehouse_id != null and warehouse_id != ""'>and b.warehouse_id = #{warehouse_id}</if>
	   		</where>
	  </select>
	  
	  <select id="queryDetail" parameterType="string" resultType="map">
	   		select * from tb_book where
	   		id = #{id}
	  </select>
	  
	  <select id="queryListById" resultType="map">
	  		select * from tb_book where id in(
	  		<foreach collection="array" item="item" separator=",">
	  			#{item}
	  		</foreach>)
	  </select>

</mapper>