<?xml version="1.0" encoding="UTF-8"?>
<!DOCTYPE mapper PUBLIC "-//mybatis.org//DTD Mapper 3.0//EN" "http://mybatis.org/dtd/mybatis-3-mapper.dtd">
<mapper namespace="com.book.mapper.CheckoutBasketMapper">
 
    <!-- 通用查询结果 -->
    <sql id="tb_checkout_basket_list">
       id, user_id, book_id, create_time
    </sql>
    
        
    <!-- 动态插入 -->
    <insert id="add" parameterType="map">
       INSERT INTO tb_checkout_basket (
       <trim suffixOverrides=",">
           <if test='id != null '>id,</if>
           <if test='user_id != null '>user_id,</if>
           <if test='book_id != null '>book_id,</if>
           <if test='create_time != null '>create_time,</if>
           <if test='num != null '>num,</if>
       </trim>
       ) VALUES (
       <trim suffixOverrides=",">
           <if test='id != null '>#{id},</if>
           <if test='user_id != null '>#{user_id},</if>
           <if test='book_id != null '>#{book_id},</if>
           <if test='create_time != null '>#{create_time},</if>
           <if test='num != null '>#{num},</if>
       </trim>
       )
    </insert>
	
	<!-- 批量插入 -->
    <insert id="addList">
       INSERT INTO tb_checkout_basket (id, user_id, book_id, create_time)
	   VALUES <foreach collection="list" item="item" separator=",">(#{item.id},#{item.user_id},#{item.book_id},#{item.create_time})</foreach>
    </insert>

    <delete id="delete" parameterType="string">
       DELETE FROM tb_checkout_basket WHERE id = #{id}
    </delete>
    
    <delete id="deleteUserId" parameterType="string">
       DELETE FROM tb_checkout_basket WHERE user_id = #{user_id}
    </delete>
    
 	<update id="update" parameterType="map">
       UPDATE tb_checkout_basket
       <set>
		  <if test='user_id != null and user_id != ""'>user_id = #{user_id},</if>
		  <if test='book_id != null and book_id != ""'>book_id = #{book_id},</if>
		  <if test='create_time != null and create_time != ""'>create_time = #{create_time},</if>
       </set>
       WHERE id = #{id}
    </update>
    
	<select id="queryList" parameterType="map" resultType="map">
	   		select c.*,u.account_number,u.name,b.book_name,b.price from tb_checkout_basket c left join tb_user u on c.user_id=u.id
	   		left join tb_book b on c.book_id=b.id
	   		<where>
	   			<if test="user_id != null and user_id != ''">
	   				user_id =#{user_id}
	   			</if>
	   		</where>
	   		order by c.id desc 
	   		OFFSET #{page}::bigint
        	LIMIT #{limit}::bigint
	  </select>
	  
	  <select id="queryCount" parameterType="map" resultType="int">
	   		select count(*) from tb_checkout_basket c left join tb_user u on c.user_id=u.id
	   		left join tb_book b on c.book_id=b.id
	   		<where>
	   			<if test="user_id != null and user_id != ''">
	   				user_id =#{user_id}
	   			</if>
	   		</where>
	  </select>
	  
	  <select id="queryDetail" parameterType="string" resultType="map">
	   		select * from tb_checkout_basket where
	   		id = #{id}
	  </select>
	  
	  <select id="queryListById" parameterType="string" resultType="map">
	  		select * from tb_checkout_basket where user_id = #{user_id}
	  </select>

</mapper>