<?xml version="1.0" encoding="UTF-8"?>
<!DOCTYPE mapper PUBLIC "-//mybatis.org//DTD Mapper 3.0//EN" "http://mybatis.org/dtd/mybatis-3-mapper.dtd">
<mapper namespace="com.book.mapper.OrderDetailsMapper">
 
    <!-- 通用查询结果 -->
    <sql id="tb_order_details_list">
       id, order_id, book_id, quantity, price
    </sql>
    
        
    <!-- 动态插入 -->
    <insert id="add" parameterType="map">
       INSERT INTO tb_order_details (
       <trim suffixOverrides=",">
           <if test='id != null '>id,</if>
           <if test='order_id != null '>order_id,</if>
           <if test='book_id != null '>book_id,</if>
           <if test='quantity != null '>quantity,</if>
           <if test='price != null '>price,</if>
       </trim>
       ) VALUES (
       <trim suffixOverrides=",">
           <if test='id != null '>#{id},</if>
           <if test='order_id != null '>#{order_id},</if>
           <if test='book_id != null '>#{book_id},</if>
           <if test='quantity != null '>#{quantity},</if>
           <if test='price != null '>#{price},</if>
       </trim>
       )
    </insert>
	
	<!-- 批量插入 -->
    <insert id="addList">
       INSERT INTO tb_order_details (id, order_id, book_id, quantity, price)
	   VALUES <foreach collection="list" item="item" separator=",">(#{item.id},#{item.order_id},#{item.book_id},#{item.quantity},#{item.price})</foreach>
    </insert>

    <delete id="delete" parameterType="string">
       DELETE FROM tb_order_details WHERE id = #{id}
    </delete>
    
 	<update id="update" parameterType="map">
       UPDATE tb_order_details
       <set>
		  <if test='order_id != null and order_id != ""'>order_id = #{order_id},</if>
		  <if test='book_id != null and book_id != ""'>book_id = #{book_id},</if>
		  <if test='quantity != null and quantity != ""'>quantity = #{quantity},</if>
		  <if test='price != null and price != ""'>price = #{price},</if>
       </set>
       WHERE id = #{id}
    </update>
    
	<select id="queryList" parameterType="map" resultType="map">
	   		select o.*,b.book_name,b.author_name from tb_order_details o left join tb_book b on o.book_id=b.id
	   		<where>
					<if test='order_id != null and order_id != ""'>and o.order_id = #{order_id}</if>
					<if test='book_id != null and book_id != ""'>and o.book_id = #{book_id}</if>
					<if test='quantity != null and quantity != ""'>and o.quantity = #{quantity}</if>
					<if test='price != null and price != ""'>and o.price = #{price}</if>
	   		</where>
	   		order by o.id desc 
	   		OFFSET #{page}::bigint
        	LIMIT #{limit}::bigint
	  </select>
	  
	  <select id="queryCount" parameterType="map" resultType="int">
	   		select count(*) from tb_order_details o left join tb_book b on o.book_id=b.id
	   		<where>
					<if test='order_id != null and order_id != ""'>and o.order_id = #{order_id}</if>
					<if test='book_id != null and book_id != ""'>and o.book_id = #{book_id}</if>
					<if test='quantity != null and quantity != ""'>and o.quantity = #{quantity}</if>
					<if test='price != null and price != ""'>and o.price = #{price}</if>
	   		</where>
	  </select>
	  
	  <select id="queryDetail" parameterType="string" resultType="map">
	   		select * from tb_order_details where
	   		id = #{id}
	  </select>

</mapper>