<?xml version="1.0" encoding="UTF-8"?>
<!DOCTYPE mapper PUBLIC "-//mybatis.org//DTD Mapper 3.0//EN" "http://mybatis.org/dtd/mybatis-3-mapper.dtd">
<mapper namespace="com.book.mapper.OrderMapper">
 
    <!-- 通用查询结果 -->
    <sql id="tb_order_list">
       id, order_no, total_price, bookstore_id, create_time, update_time, user_id
    </sql>
    
        
    <!-- 动态插入 -->
    <insert id="add" parameterType="map" useGeneratedKeys="true" keyProperty="id">
       INSERT INTO tb_order (
       <trim suffixOverrides=",">
           <if test='id != null '>id,</if>
           <if test='order_no != null '>order_no,</if>
           <if test='total_price != null '>total_price,</if>
           <if test='bookstore_id != null '>bookstore_id,</if>
           <if test='create_time != null '>create_time,</if>
           <if test='update_time != null '>update_time,</if>
           <if test='user_id != null '>user_id,</if>
           <if test='state != null '>state,</if>
       </trim>
       ) VALUES (
       <trim suffixOverrides=",">
           <if test='id != null '>#{id},</if>
           <if test='order_no != null '>#{order_no},</if>
           <if test='total_price != null '>#{total_price},</if>
           <if test='bookstore_id != null '>#{bookstore_id},</if>
           <if test='create_time != null '>#{create_time},</if>
           <if test='update_time != null '>#{update_time},</if>
           <if test='user_id != null '>#{user_id},</if>
           <if test='state != null '>#{state},</if>
       </trim>
       )
    </insert>
	
	<!-- 批量插入 -->
    <insert id="addList">
       INSERT INTO tb_order (id, order_no, total_price, bookstore_id, create_time, update_time, user_id)
	   VALUES <foreach collection="list" item="item" separator=",">(#{item.id},#{item.order_no},#{item.total_price},#{item.bookstore_id},#{item.create_time},#{item.update_time},#{item.user_id})</foreach>
    </insert>

    <delete id="delete" parameterType="string">
       DELETE FROM tb_order WHERE id = #{id}
    </delete>
    
 	<update id="update" parameterType="map">
       UPDATE tb_order
       <set>
		  <if test='order_no != null and order_no != ""'>order_no = #{order_no},</if>
		  <if test='total_price != null and total_price != ""'>total_price = #{total_price},</if>
		  <if test='bookstore_id != null and bookstore_id != ""'>bookstore_id = #{bookstore_id},</if>
		  <if test='create_time != null and create_time != ""'>create_time = #{create_time},</if>
		  <if test='update_time != null and update_time != ""'>update_time = #{update_time},</if>
		  <if test='user_id != null and user_id != ""'>user_id = #{user_id},</if>
		  <if test='state != null and state != ""'>state = #{state},</if>
       </set>
       WHERE id = #{id}
    </update>
    
	<select id="queryList" parameterType="map" resultType="map">
	   		select o.*,u.account_number,u.name,b.name bookstore_name from tb_order o left join tb_user u on o.user_id=u.id
	   		left join tb_bookstore b on o.bookstore_id=b.id
	   		<where>
					<if test='order_no != null and order_no != ""'>and o.order_no = #{order_no}</if>
					<if test='total_price != null and total_price != ""'>and o.total_price = #{total_price}</if>
					<if test='bookstore_id != null and bookstore_id != ""'>and o.bookstore_id = #{bookstore_id}</if>
					<if test='user_id != null and user_id != ""'>and o.user_id = #{user_id}</if>
					<if test='bookstore_name != null and bookstore_name != ""'>and b.name = #{bookstore_name}</if>
	   		</where>
	   		order by o.id desc 
	   		OFFSET #{page}::bigint
        	LIMIT #{limit}::bigint
	  </select>
	  
	  <select id="queryCount" parameterType="map" resultType="int">
	   		select count(*) from tb_order o left join tb_user u on o.user_id=u.id
	   		left join tb_bookstore b on o.bookstore_id=b.id
	   		<where>
					<if test='order_no != null and order_no != ""'>and o.order_no = #{order_no}</if>
					<if test='total_price != null and total_price != ""'>and o.total_price = #{total_price}</if>
					<if test='bookstore_id != null and bookstore_id != ""'>and o.bookstore_id = #{bookstore_id}</if>
					<if test='user_id != null and user_id != ""'>and o.user_id = #{user_id}</if>
					<if test='bookstore_name != null and bookstore_name != ""'>and b.name = #{bookstore_name}</if>
	   		</where>
	  </select>
	  
	  <select id="queryDetail" parameterType="string" resultType="map">
	   		select * from tb_order where
	   		id = #{id}
	  </select>
	  
	  <select id="queryListLevel" parameterType="string" resultType="map">
	  		SELECT to_char(o.create_time::DATE, 'MM') as month,"sum"(o.total_price) total_price from tb_order o 
	  		<where>
	  			<if test="arrears_date != null and arrears_date != ''">
	  				to_char(o.create_time,'yyyy') =#{arrears_date}
	  			</if>
	  		</where>
			GROUP BY month
	  </select>

</mapper>