<?xml version="1.0" encoding="UTF-8"?>
<!DOCTYPE mapper PUBLIC "-//mybatis.org//DTD Mapper 3.0//EN" "http://mybatis.org/dtd/mybatis-3-mapper.dtd">
<mapper namespace="com.book.mapper.PublishersMapper">
 
    <!-- 通用查询结果 -->
    <sql id="tb_publishers_list">
       id, name, address, email_address, phone_number, banking_account, create_time, update_time
    </sql>
    
        
    <!-- 动态插入 -->
    <insert id="add" parameterType="map">
       INSERT INTO tb_publishers (
       <trim suffixOverrides=",">
           <if test='id != null '>id,</if>
           <if test='name != null '>name,</if>
           <if test='address != null '>address,</if>
           <if test='email_address != null '>email_address,</if>
           <if test='phone_number != null '>phone_number,</if>
           <if test='banking_account != null '>banking_account,</if>
           <if test='create_time != null '>create_time,</if>
           <if test='update_time != null '>update_time,</if>
           <if test='bookstore_id != null '>bookstore_id,</if>
       </trim>
       ) VALUES (
       <trim suffixOverrides=",">
           <if test='id != null '>#{id},</if>
           <if test='name != null '>#{name},</if>
           <if test='address != null '>#{address},</if>
           <if test='email_address != null '>#{email_address},</if>
           <if test='phone_number != null '>#{phone_number},</if>
           <if test='banking_account != null '>#{banking_account},</if>
           <if test='create_time != null '>#{create_time},</if>
           <if test='update_time != null '>#{update_time},</if>
           <if test='bookstore_id != null '>#{bookstore_id},</if>
       </trim>
       )
    </insert>
	
	<!-- 批量插入 -->
    <insert id="addList">
       INSERT INTO tb_publishers (id, name, address, email_address, phone_number, banking_account, create_time, update_time)
	   VALUES <foreach collection="list" item="item" separator=",">(#{item.id},#{item.name},#{item.address},#{item.email_address},#{item.phone_number},#{item.banking_account},#{item.create_time},#{item.update_time})</foreach>
    </insert>

    <delete id="delete" parameterType="string">
       DELETE FROM tb_publishers WHERE id = #{id}
    </delete>
    
 	<update id="update" parameterType="map">
       UPDATE tb_publishers
       <set>
		  <if test='name != null and name != ""'>name = #{name},</if>
		  <if test='address != null and address != ""'>address = #{address},</if>
		  <if test='email_address != null and email_address != ""'>email_address = #{email_address},</if>
		  <if test='phone_number != null and phone_number != ""'>phone_number = #{phone_number},</if>
		  <if test='banking_account != null and banking_account != ""'>banking_account = #{banking_account},</if>
		  <if test='create_time != null and create_time != ""'>create_time = #{create_time},</if>
		  <if test='update_time != null'>update_time = #{update_time},</if>
		  <if test='bookstore_id != null and bookstore_id != ""'>bookstore_id = #{bookstore_id},</if>
       </set>
       WHERE id = #{id}
    </update>
    
	<select id="queryList" parameterType="map" resultType="map">
	   		select * from tb_publishers
	   		<where>
					<if test='name != null and name != ""'>and name = #{name}</if>
					<if test='bookstore_id != null and bookstore_id != ""'>and bookstore_id = #{bookstore_id}</if>
					<if test='address != null and address != ""'>and address = #{address}</if>
					<if test='email_address != null and email_address != ""'>and email_address = #{email_address}</if>
					<if test='phone_number != null and phone_number != ""'>and phone_number = #{phone_number}</if>
					<if test='banking_account != null and banking_account != ""'>and banking_account = #{banking_account}</if>
					<if test='create_time != null and create_time != ""'>and create_time = #{create_time}</if>
					<if test='update_time != null and update_time != ""'>and update_time = #{update_time}</if>
	   		</where>
	   		order by id desc 
	   		OFFSET #{page}::bigint
        	LIMIT #{limit}::bigint
	  </select>
	  
	  <select id="queryCount" parameterType="map" resultType="int">
	   		select count(*) from tb_publishers
	   		<where>
					<if test='name != null and name != ""'>and name = #{name}</if>
					<if test='bookstore_id != null and bookstore_id != ""'>and bookstore_id = #{bookstore_id}</if>
					<if test='address != null and address != ""'>and address = #{address}</if>
					<if test='email_address != null and email_address != ""'>and email_address = #{email_address}</if>
					<if test='phone_number != null and phone_number != ""'>and phone_number = #{phone_number}</if>
					<if test='banking_account != null and banking_account != ""'>and banking_account = #{banking_account}</if>
					<if test='create_time != null and create_time != ""'>and create_time = #{create_time}</if>
					<if test='update_time != null and update_time != ""'>and update_time = #{update_time}</if>
	   		</where>
	  </select>
	  
	  <select id="queryDetail" parameterType="string" resultType="map">
	   		select * from tb_publishers where
	   		id = #{id}
	  </select>
	  
	  <select id="queryListById" resultType="map">
	  		select * from tb_publishers where id in(
	  			<foreach collection="list" item="items" separator=",">
	  				#{items}
	  			</foreach>
	  		)
	  </select>

</mapper>