<?xml version="1.0" encoding="UTF-8"?>
<!DOCTYPE mapper PUBLIC "-//mybatis.org//DTD Mapper 3.0//EN" "http://mybatis.org/dtd/mybatis-3-mapper.dtd">
<mapper namespace="com.book.mapper.SaleMapper">
 
    <!-- 通用查询结果 -->
    <sql id="tb_sale_list">
       id, banking_account, sales_volume, publishers_id, order_id
    </sql>
    
        
    <!-- 动态插入 -->
    <insert id="add" parameterType="map">
       INSERT INTO tb_sale (
       <trim suffixOverrides=",">
           <if test='id != null '>id,</if>
           <if test='banking_account != null '>banking_account,</if>
           <if test='sales_volume != null '>sales_volume,</if>
           <if test='publishers_id != null '>publishers_id,</if>
           <if test='order_id != null '>order_id,</if>
       </trim>
       ) VALUES (
       <trim suffixOverrides=",">
           <if test='id != null '>#{id},</if>
           <if test='banking_account != null '>#{banking_account},</if>
           <if test='sales_volume != null '>#{sales_volume},</if>
           <if test='publishers_id != null '>#{publishers_id},</if>
           <if test='order_id != null '>#{order_id},</if>
       </trim>
       )
    </insert>
	
	<!-- 批量插入 -->
    <insert id="addList">
       INSERT INTO tb_sale (id, banking_account, sales_volume, publishers_id, order_id)
	   VALUES <foreach collection="list" item="item" separator=",">(#{item.id},#{item.banking_account},#{item.sales_volume},#{item.publishers_id},#{item.order_id})</foreach>
    </insert>

    <delete id="delete" parameterType="string">
       DELETE FROM tb_sale WHERE id = #{id}
    </delete>
    
 	<update id="update" parameterType="map">
       UPDATE tb_sale
       <set>
		  <if test='banking_account != null and banking_account != ""'>banking_account = #{banking_account},</if>
		  <if test='sales_volume != null and sales_volume != ""'>sales_volume = #{sales_volume},</if>
		  <if test='publishers_id != null and publishers_id != ""'>publishers_id = #{publishers_id},</if>
		  <if test='order_id != null and order_id != ""'>order_id = #{order_id},</if>
       </set>
       WHERE id = #{id}
    </update>
    
	<select id="queryList" parameterType="map" resultType="map">
	   		SELECT p."name",s.banking_account,"sum"(s.sales_volume) totalSales from  tb_sale s LEFT JOIN tb_publishers p on s.publishers_id=p.id
	   		<where>
					<if test='banking_account != null and banking_account != ""'>and s.banking_account = #{banking_account}</if>
					<if test='publishers_id != null and publishers_id != ""'>and publishers_id = #{publishers_id}</if>
					<if test='order_id != null and order_id != ""'>and s.order_id= #{order_id}</if>
	   		</where>
	   		GROUP BY p."name",s.banking_account
	   		OFFSET #{page}::bigint
        	LIMIT #{limit}::bigint
	  </select>
	  
	  <select id="queryCount" parameterType="map" resultType="int">
	   		select count(*) from (
	   		SELECT p."name",s.banking_account,"sum"(s.sales_volume) totalSales from  tb_sale s LEFT JOIN tb_publishers p on s.publishers_id=p.id
	   		<where>
					<if test='banking_account != null and banking_account != ""'>and s.banking_account = #{banking_account}</if>
					<if test='publishers_id != null and publishers_id != ""'>and publishers_id = #{publishers_id}</if>
					<if test='order_id != null and order_id != ""'>and s.order_id= #{order_id}</if>
	   		</where>
	   		GROUP BY p."name",s.banking_account
	   		)a
	  </select>
	  
	  <select id="queryDetail" parameterType="string" resultType="map">
	   		select * from tb_sale where
	   		id = #{id}
	  </select>

</mapper>