<?xml version="1.0" encoding="UTF-8"?>
<!DOCTYPE mapper PUBLIC "-//mybatis.org//DTD Mapper 3.0//EN" "http://mybatis.org/dtd/mybatis-3-mapper.dtd">
<mapper namespace="com.book.mapper.TransportMapper">
 
    <!-- 通用查询结果 -->
    <sql id="tb_transport_list">
       id, order_no, current_location
    </sql>
    
        
    <!-- 动态插入 -->
    <insert id="add" parameterType="map">
       INSERT INTO tb_transport (
       <trim suffixOverrides=",">
           <if test='id != null '>id,</if>
           <if test='order_no != null '>order_no,</if>
           <if test='current_location != null '>current_location,</if>
       </trim>
       ) VALUES (
       <trim suffixOverrides=",">
           <if test='id != null '>#{id},</if>
           <if test='order_no != null '>#{order_no},</if>
           <if test='current_location != null '>#{current_location},</if>
       </trim>
       )
    </insert>
	
	<!-- 批量插入 -->
    <insert id="addList">
       INSERT INTO tb_transport (id, order_no, current_location)
	   VALUES <foreach collection="list" item="item" separator=",">(#{item.id},#{item.order_no},#{item.current_location})</foreach>
    </insert>

    <delete id="delete" parameterType="string">
       DELETE FROM tb_transport WHERE id = #{id}
    </delete>
    
 	<update id="update" parameterType="map">
       UPDATE tb_transport
       <set>
		  <if test='order_no != null and order_no != ""'>order_no = #{order_no},</if>
		  <if test='current_location != null and current_location != ""'>current_location = #{current_location},</if>
       </set>
       WHERE id = #{id}
    </update>
    
	<select id="queryList" parameterType="map" resultType="map">
	   		select t.current_location,o.order_no from tb_transport t left join tb_order o on t.order_no=o.id
	   		<where>
					<if test='order_no != null and order_no != ""'>and order_no = #{order_no}</if>
					<if test='current_location != null and current_location != ""'>and current_location = #{current_location}</if>
	   		</where>
	   		order by t.id desc 
	   		OFFSET #{page}::bigint
        	LIMIT #{limit}::bigint
	  </select>
	  
	  <select id="queryCount" parameterType="map" resultType="int">
	   		select count(*) from tb_transport t left join tb_order o on t.order_no=o.id
	   		<where>
					<if test='order_no != null and order_no != ""'>and order_no = #{order_no}</if>
					<if test='current_location != null and current_location != ""'>and current_location = #{current_location}</if>
	   		</where>
	  </select>
	  
	  <select id="queryDetail" parameterType="string" resultType="map">
	   		select * from tb_transport where
	   		id = #{id}
	  </select>

</mapper>