<?xml version="1.0" encoding="UTF-8"?>
<!DOCTYPE mapper PUBLIC "-//mybatis.org//DTD Mapper 3.0//EN" "http://mybatis.org/dtd/mybatis-3-mapper.dtd">
<mapper namespace="com.book.mapper.UserMapper">
 
    <!-- 通用查询结果 -->
    <sql id="tb_user_list">
       id, account_number, password, name, registration_time
    </sql>
    
        
    <!-- 动态插入 -->
    <insert id="add" parameterType="map">
       INSERT INTO tb_user (
       <trim suffixOverrides=",">
           <if test='id != null '>id,</if>
           <if test='account_number != null '>account_number,</if>
           <if test='password != null '>password,</if>
           <if test='name != null '>name,</if>
           <if test='registration_time != null '>registration_time,</if>
       </trim>
       ) VALUES (
       <trim suffixOverrides=",">
           <if test='id != null '>#{id},</if>
           <if test='account_number != null '>#{account_number},</if>
           <if test='password != null '>#{password},</if>
           <if test='name != null '>#{name},</if>
           <if test='registration_time != null '>#{registration_time},</if>
       </trim>
       )
    </insert>
	
	<!-- 批量插入 -->
    <insert id="addList">
       INSERT INTO tb_user (id, account_number, password, name, registration_time)
	   VALUES <foreach collection="list" item="item" separator=",">(#{item.id},#{item.account_number},#{item.password},#{item.name},#{item.registration_time})</foreach>
    </insert>

    <delete id="delete" parameterType="string">
       DELETE FROM tb_user WHERE id = #{id}
    </delete>
    
 	<update id="update" parameterType="map">
       UPDATE tb_user
       <set>
		  <if test='account_number != null and account_number != ""'>account_number = #{account_number},</if>
		  <if test='password != null and password != ""'>password = #{password},</if>
		  <if test='name != null and name != ""'>name = #{name},</if>
		  <if test='registration_time != null and registration_time != ""'>registration_time = #{registration_time},</if>
       </set>
       WHERE id = #{id}
    </update>
    
	<select id="queryList" parameterType="map" resultType="map">
	   		select * from tb_user
	   		<where>
					<if test='account_number != null and account_number != ""'>and account_number = #{account_number}</if>
					<if test='password != null and password != ""'>and password = #{password}</if>
					<if test='name != null and name != ""'>and name = #{name}</if>
					<if test='registration_time != null and registration_time != ""'>and registration_time = #{registration_time}</if>
	   		</where>
	   		order by id desc 
	   		OFFSET #{page}::bigint
        	LIMIT #{limit}::bigint
	  </select>
	  
	  <select id="queryCount" parameterType="map" resultType="int">
	   		select count(*) from tb_user
	   		<where>
					<if test='account_number != null and account_number != ""'>and account_number = #{account_number}</if>
					<if test='password != null and password != ""'>and password = #{password}</if>
					<if test='name != null and name != ""'>and name = #{name}</if>
					<if test='registration_time != null and registration_time != ""'>and registration_time = #{registration_time}</if>
	   		</where>
	  </select>
	  
	  <select id="queryDetail" parameterType="string" resultType="map">
	   		select * from tb_user where
	   		id = #{id}
	  </select>
	  
	  <select id="loginAdmin" parameterType="map" resultType="map">
	  		select * from tb_bookstore where account_number = #{no} and password = #{pwd}
	  </select>
	  
	  <select id="loginUser" parameterType="map" resultType="map">
	  		select * from tb_user where account_number = #{no} and password = #{pwd}
	  </select>

</mapper>