<?xml version="1.0" encoding="UTF-8"?>
<!DOCTYPE mapper PUBLIC "-//mybatis.org//DTD Mapper 3.0//EN" "http://mybatis.org/dtd/mybatis-3-mapper.dtd">
<mapper namespace="com.book.mapper.WarehouseMapper">
 
    <!-- 通用查询结果 -->
    <sql id="tb_warehouse_list">
       id, name, address, bookstore_id
    </sql>
    
        
    <!-- 动态插入 -->
    <insert id="add" parameterType="map">
       INSERT INTO tb_warehouse (
       <trim suffixOverrides=",">
           <if test='id != null '>id,</if>
           <if test='name != null '>name,</if>
           <if test='address != null '>address,</if>
           <if test='bookstore_id != null '>bookstore_id,</if>
       </trim>
       ) VALUES (
       <trim suffixOverrides=",">
           <if test='id != null '>#{id},</if>
           <if test='name != null '>#{name},</if>
           <if test='address != null '>#{address},</if>
           <if test='bookstore_id != null '>#{bookstore_id},</if>
       </trim>
       )
    </insert>
	
	<!-- 批量插入 -->
    <insert id="addList">
       INSERT INTO tb_warehouse (id, name, address, bookstore_id)
	   VALUES <foreach collection="list" item="item" separator=",">(#{item.id},#{item.name},#{item.address},#{item.bookstore_id})</foreach>
    </insert>

    <delete id="delete" parameterType="string">
       DELETE FROM tb_warehouse WHERE id = #{id}
    </delete>
    
 	<update id="update" parameterType="map">
       UPDATE tb_warehouse
       <set>
		  <if test='name != null and name != ""'>name = #{name},</if>
		  <if test='address != null and address != ""'>address = #{address},</if>
		  <if test='bookstore_id != null and bookstore_id != ""'>bookstore_id = #{bookstore_id},</if>
       </set>
       WHERE id = #{id}
    </update>
    
	<select id="queryList" parameterType="map" resultType="map">
	   		select * from tb_warehouse
	   		<where>
					<if test='name != null and name != ""'>and name = #{name}</if>
					<if test='address != null and address != ""'>and address = #{address}</if>
					<if test='bookstore_id != null and bookstore_id != ""'>and bookstore_id = #{bookstore_id}</if>
	   		</where>
	   		order by id desc 
	   		OFFSET #{page}::bigint
        	LIMIT #{limit}::bigint
	  </select>
	  
	  <select id="queryCount" parameterType="map" resultType="int">
	   		select count(*) from tb_warehouse
	   		<where>
					<if test='name != null and name != ""'>and name = #{name}</if>
					<if test='address != null and address != ""'>and address = #{address}</if>
					<if test='bookstore_id != null and bookstore_id != ""'>and bookstore_id = #{bookstore_id}</if>
	   		</where>
	  </select>
	  
	  <select id="queryDetail" parameterType="string" resultType="map">
	   		select * from tb_warehouse where
	   		id = #{id}
	  </select>

</mapper>